lebron,james,1,100,test@test.fr
melo,ton,2,100,test@test.fr
koby,bryant,3,200,test@test.fr
lionel,messi,4,300,test@test.fr
cristiano,ronaldo,5,200,test@test.fr
neymar,jr,6,100,test@test.fr
eden,hazard,7,300,test@test.fr
allen,ivy,8,200,test@test.fr
derick,rose,9,100,test@test.fr
steve,nash,10,200,test@test.fr
steven,gerard,11,200,test@test.fr
ronaldo,R9,12,200,test@test.fr
ronaldihno,r10,13,300,test@test.fr
luis,suarez,14,100,test@test.fr
ter,stegen,15,300,test@test.fr
oliver,kahn,16,100,test@test.fr
dr,house,17,200,test@test.fr
tony,stark,18,300,test@test.fr
captain,america,19,300,test@test.fr
the,hulk,20,200,test@test.fr
luther,thor,21,100,test@test.fr
tom,jerry,22,200,test@test.fr
qsmdlfj,qsdfqd,23,300,test@test.fr
zinedine,zidane,24,100,test@test.fr

